"Employee Name","اسم الموظف"
"National ID","رقم الهوية"
"Job Number","الرقم الوظيفي"
"Enter {0} before you submit the ticket.","أدخل {0} قبل إرسال التذكرة."
"{0} must be 10 digits starting with 1 or 2.","يجب أن يكون {0} عشرة أرقام يبدأ بالرقم 1 أو 2."
"{0} must be 10 digits starting with 05.","يجب أن يكون {0} عشرة أرقام يبدأ بـ 05."
"Customer","الموظف"
"Customers","الموظفون"
"Customer Name","اسم الموظف"
"Customer Type","نوع الموظف"
"Via Customer Portal","عبر بوابة الموظفين"
"You already have an open ticket #{0}. Please follow up on it instead of opening a new one.","لديك تذكرة مفتوحة رقم {0}. تابعها بدلًا من فتح تذكرة جديدة."
"Thank you. The care team will close this ticket.","شكرًا لك. سيغلق فريق الرعاية هذه التذكرة."
"Set the Project field before you close or resolve this ticket.","حدد المشروع قبل إغلاق هذه التذكرة أو حلها."
"This ticket involves a payment. It closes only after the employee confirms the resolution by closing it from the portal, or by the care team with a written Close Reason.","هذه التذكرة فيها مبلغ مالي. لا تُغلق إلا بعد أن يؤكد الموظف حل مشكلته بإغلاقها من البوابة، أو يغلقها فريق الرعاية مع كتابة سبب الإغلاق."
"Priority Confirmed","تأكيد الأولوية"
"Choose the ticket priority, or confirm it in the Priority Confirmed field, before you save this ticket.","اختر أولوية التذكرة، أو أكّدها من حقل تأكيد الأولوية، قبل حفظ التذكرة."
"Care","الرعاية"
jane@example.com,adil@afmco.sa
"Employee care","رعاية الموظفين"
"Your housing and work requests, in one place.","طلبات سكنك وعملك، في مكان واحد."
"Raise a request to the AFMCO care team and follow it until it is resolved.","ارفع طلبك لفريق الرعاية في AFMCO وتابعه حتى يُحل."
"Raise a request","ارفع طلبًا"
"Welcome back","أهلًا بعودتك"
"Sign in first, then raise your request and follow it from your phone.","سجّل دخولك أولًا، ثم ارفع طلبك وتابعه من جوالك."
"Sign in with Google","سجّل الدخول بحساب Google"
"Signed in as {0}","مسجّل الدخول باسم {0}"
"Go to my requests","اذهب إلى طلباتي"
"How it works","كيف تعمل الخدمة"
"Use your Google account. There is no new password to remember.","استخدم حساب Google، ولا تحتاج إلى كلمة مرور جديدة."
"Complete your profile once","أكمل ملفك مرة واحدة"
"Your name, National ID, job number and city, entered one time only.","اسمك ورقم هويتك ورقمك الوظيفي ومدينتك، تدخلها مرة واحدة فقط."
"Raise and follow your request","ارفع طلبك وتابعه"
"Describe what you need, then follow every update until it is resolved.","اكتب ما تحتاجه، ثم تابع كل تحديث حتى يُحل طلبك."
"My complaints","شكاواي"
"File a complaint","رفع شكوى"
"Hello, {0}","مرحبًا {0}"
"Write what happened and where, then send it. The care team replies on your complaint, and you follow it from this page.","اكتب ما حدث وأين حدث، ثم أرسله. يرد فريق الرعاية على شكواك، وتتابعها من هذه الصفحة."
"You have not filed a complaint yet.","لم ترفع أي شكوى حتى الآن."
"Open","مفتوحة","Care complaint status"
"Replied","تم الرد","Care complaint status"
"Resolved","تم الحل","Care complaint status"
"Closed","مغلقة","Care complaint status"
